Table with row headers in column A and column headers in rows 8 through 9 and 63 through 64,,,,,,,,,,,,,,,,,,,,,,,,,,,,,,,,,,,,,,,,,,,,,,,,,,,,,,,,,,,,,,,,,,,,,,,,,,,,,,,,
Table H-8. Median Household Income by State: 1984 to 2021,,,,,,,,,,,,,,,,,,,,,,,,,,,,,,,,,,,,,,,,,,,,,,,,,,,,,,,,,,,,,,,,,,,,,,,,,,,,,,,,
"Information on confidentiality protection, sampling error, nonsampling error, and definitions is available at <https://www2.census.gov/programs-surveys/cps/techdocs/cpsmar22.pdf>.",,,,,,,,,,,,,,,,,,,,,,,,,,,,,,,,,,,,,,,,,,,,,,,,,,,,,,,,,,,,,,,,,,,,,,,,,,,,,,,,
Footnotes are available at <www.census.gov/topics/income-poverty/income/guidance/cps-historic-footnotes.html>.,,,,,,,,,,,,,,,,,,,,,,,,,,,,,,,,,,,,,,,,,,,,,,,,,,,,,,,,,,,,,,,,,,,,,,,,,,,,,,,,
"Source: U.S. Census Bureau, Current Population Survey, 1985 to 2022 Annual Social and Economic Supplements (CPS ASEC).",,,,,,,,,,,,,,,,,,,,,,,,,,,,,,,,,,,,,,,,,,,,,,,,,,,,,,,,,,,,,,,,,,,,,,,,,,,,,,,,
"(Households as of March of the following year. Income in current and 2021 R-CPI-U-RS adjusted dollars (28). Beginning in 2010, standard errors were calculated using replicate weights)",,,,,,,,,,,,,,,,,,,,,,,,,,,,,,,,,,,,,,,,,,,,,,,,,,,,,,,,,,,,,,,,,,,,,,,,,,,,,,,,
Current Dollars,,,,,,,,,,,,,,,,,,,,,,,,,,,,,,,,,,,,,,,,,,,,,,,,,,,,,,,,,,,,,,,,,,,,,,,,,,,,,,,,
State,2021,,2020 (41),,2019,,2018,,2017 (40),,2017,,2016,,2015,,2014,,2013 (39),,2013 (38),,2012,,2011,,2010 (37),,2009 (36),,2008,,2007,,2006,,2005,,2004 (revised),,2003,,2002,,2001,,2000 (30),,1999 (29),,1998,,1997,,1996,,1995 (25),,1994 (24),,1993 (23),,1992 (22),,1991,,1990,,1989,,1988,,1987 (21),,1986,,1985 (20),,1984 (19),
,Median income,Standard error,Median income,Standard error,Median income,Standard error,Median income,Standard error,Median income,Standard error,Median income,Standard error,Median income,Standard error,Median income,Standard error,Median income,Standard error,Median income,Standard error,Median income,Standard error,Median income,Standard error,Median income,Standard error,Median income,Standard error,Median income,Standard error,Median income,Standard error,Median income,Standard error,Median income,Standard error,Median income,Standard error,Median income,Standard error,Median income,Standard error,Median income,Standard error,Median income,Standard error,Median income,Standard error,Median income,Standard error,Median income,Standard error,Median income,Standard error,Median income,Standard error,Median income,Standard error,Median income,Standard error,Median income,Standard error,Median income,Standard error,Median income,Standard error,Median income,Standard error,Median income,Standard error,Median income,Standard error,Median income,Standard error,Median income,Standard error,Median income,Standard error,Median income,Standard error
United States,"70,784",368,"68,010",535,"68,703",550,"63,179",420,"61,136",322,"61,372",335,"59,039",436,"56,516",321,"53,657",392,"53,585",654,"51,939",276,"51,017",209,"50,054",251,"49,276",325,"49,777",213,"50,303",137,"50,233",140,"48,201",207,"46,326",155,"44,334",196,"43,318",188,"42,409",139,"42,228",129,"41,990",132,"40,696",190,"38,885",230,"37,005",171,"35,492",179,"34,076",197,"32,264",147,"31,241",146,"30,636",145,"30,126",144,"29,943",153,"28,906",159,"27,225",139,"26,061",127,"24,897",129,"23,618",128,"22,415",102
Alabama,"56,929","2,294","54,689","2,563","56,200","2,512","49,936","2,423","50,865","1,094","51,113",845,"47,221","2,301","44,509","3,419","42,278","1,529","47,320","5,511","41,381","2,315","43,464","2,529","42,590","2,021","40,933","2,396","39,980",904,"44,476","1,659","42,212","1,420","37,952","1,014","37,150","1,215","36,629","1,303","37,255","1,580","37,603","1,062","35,160","1,006","35,424","1,072","36,251","1,189","36,266","1,307","31,939","1,607","30,302","1,258","25,991","1,266","27,196","1,559","25,082","1,088","25,808","1,058","24,346","1,068","23,357","1,037","21,284","1,070","19,948",912,"19,734","1,147","19,132",885,"18,333",760,"17,310",605
Alaska,"81,133","3,967","74,746","3,557","78,394","6,685","68,734","3,390","77,987","3,718","72,231","2,719","75,723","4,086","75,112","3,485","67,629","3,153","72,472","5,446","61,137","3,301","63,648","2,839","57,431","3,710","57,848","2,390","61,604","1,751","63,989","2,302","62,993","1,583","56,418","1,495","55,891","1,331","55,063","2,071","51,837",981,"52,774","1,073","57,363","2,012","52,847","1,159","51,396","2,226","50,692","2,124","47,994","1,258","52,779","1,907","47,954","2,008","45,367","1,494","42,931","1,643","41,802","1,156","40,612","1,822","39,298","1,627","36,006","1,378","33,103","1,183","33,233","1,497","31,356","1,017","34,782","1,089","32,356","1,473"
Arizona,"70,821","3,394","67,088","3,409","70,674","3,391","62,283","2,291","59,700","2,689","61,125","2,642","57,100","1,971","52,248","2,008","49,254","2,304","52,611","4,365","50,602","4,831","47,044","2,922","48,621","2,424","46,896","2,227","45,739","1,241","46,914","1,125","47,215","1,555","46,657","1,246","45,245","1,271","43,846","1,143","41,166","1,422","39,734","1,003","42,704","1,441","39,783","1,210","36,995","1,133","37,090","1,255","32,740","1,297","31,637","1,274","30,863","1,360","31,293",773,"30,510","1,120","29,358","1,088","30,737",897,"29,224","1,141","28,552","1,210","26,435",843,"26,749",892,"25,500",718,"23,877",744,"21,425",609
Arkansas,"50,784","1,440","50,777","1,837","54,539","2,384","49,781","2,108","49,751","2,491","48,829","2,642","45,907","2,165","42,798","1,572","44,922","2,546","39,376","2,402","39,919","2,389","39,018","2,812","41,302","1,849","38,587","2,464","36,538",909,"39,586","1,194","40,795","1,348","37,057",767,"36,658","1,309","34,984",994,"32,002",776,"32,387",778,"33,339","1,144","29,697",772,"29,682","1,026","27,665","1,160","26,162","1,154","27,123",978,"25,814",999,"25,565",944,"23,039",847,"23,882","1,398","23,435",783,"22,786",981,"21,433",915,"20,172",706,"18,827","1,008","18,730",765,"17,451",764,"15,674",748
California,"81,575","1,219","77,652","1,437","78,105","1,850","70,489","1,233","70,038","1,576","69,759","1,452","66,637","1,075","63,636","1,711","60,487",894,"60,794","1,811","57,528","1,223","57,020","1,238","53,367","1,378","54,283","1,182","56,134",619,"57,014",829,"55,734",618,"55,319",695,"51,755",460,"49,222",660,"49,300",819,"47,437",766,"47,262",727,"46,816",686,"43,629",703,"40,934",577,"39,694",864,"38,812",818,"37,009",723,"35,331",619,"34,073",651,"34,903",629,"33,664",685,"33,290",565,"33,009",618,"30,287",634,"30,146",538,"29,010",570,"26,981",350,"25,287",364
Colorado,"84,954","3,155","83,777","6,019","72,499","5,221","73,034","3,562","74,984","2,661","74,172","2,982","70,566","4,125","66,596","3,682","60,940","2,414","67,912","4,129","63,371","2,800","57,255","2,708","58,629","2,553","60,233","2,481","55,930","1,595","60,943","1,898","61,141","1,014","55,697","1,524","50,449","1,287","50,886","1,590","49,940","1,158","48,294","1,464","49,397","1,190","48,240","1,237","48,177","1,483","46,599","1,086","43,233","1,944","40,950","1,329","40,706","1,552","37,833","1,446","34,488","1,569","32,484","1,471","31,499","1,245","30,733",906,"26,806","1,398","26,214","1,285","26,476","1,075","27,192",926,"28,182",850,"25,801",805
Connecticut,"80,958","5,261","79,432","3,602","87,291","4,630","72,812","5,119","74,304","3,453","72,780","3,509","75,923","3,404","72,889","4,449","70,161","2,665","69,291","3,238","67,781","2,547","64,247","2,853","65,415","3,014","65,998","2,095","64,851","2,308","64,682","2,701","64,141","2,049","62,404","2,162","56,835","1,633","55,100","1,648","54,965","1,561","53,387","1,370","53,347","1,240","50,172","1,357","50,593","2,296","46,508","2,728","43,985","1,989","42,119","3,087","40,243","2,269","41,097","1,595","39,516","1,660","40,841","1,972","42,154","1,944","38,870","2,097","42,321","1,592","36,213","1,293","32,862","1,362","32,721","1,605","31,090","1,129","29,951","1,238"
Delaware,"68,687","2,919","70,022","5,283","74,194","3,009","65,012","3,599","64,961","5,230","62,318","3,300","58,046","2,992","57,756","3,392","57,522","2,970","54,091","4,350","52,219","2,486","48,972","1,976","54,660","1,745","55,214","2,255","52,114","1,781","50,702","1,388","54,589","2,159","52,438","1,730","51,235","1,076","48,049","1,421","49,019","1,378","49,650","1,685","49,602","1,468","50,365","1,508","46,628","2,281","41,458","1,753","43,033","2,062","39,309","1,402","34,928","1,848","35,873","1,191","36,064",849,"35,678","1,393","32,585","1,111","30,804","1,113","32,068","1,133","30,505","1,167","29,244",875,"25,626","1,212","22,980","1,366","25,819","1,027"
District of Columbia,"90,640","3,756","88,218","3,511","93,111","3,884","85,750","2,659","81,282","1,903","83,382","3,319","70,982","2,734","70,071","2,861","68,277","4,402","60,057","5,529","60,675","3,082","65,246","3,671","55,251","2,109","56,928","3,333","53,141","2,088","55,590","1,763","50,783","1,097","48,477","1,679","44,993","2,167","43,451","1,864","45,044","1,418","39,070",995,"41,169","1,023","41,222","1,072","38,670","1,599","33,433","1,311","31,860",984,"31,966","1,578","30,748","1,182","30,116","1,107","27,304","1,726","30,247","1,124","29,885","1,903","27,392","1,562","26,752","1,015","26,741",748,"27,455","1,285","24,322","1,252","21,076",756,"20,408",860
Florida,"59,734","1,509","57,763","1,814","58,368","1,579","54,644","1,887","53,086","1,438","53,681","1,816","51,176",835,"48,825","1,395","46,140",950,"48,532","2,815","47,886","1,573","46,071","1,110","45,105","1,138","44,066","1,544","45,631",706,"44,857",858,"45,794",570,"45,676",629,"42,990",810,"40,535",632,"38,972",759,"38,024",828,"36,421",417,"38,856",743,"35,831",627,"34,909",767,"32,455",583,"30,641",513,"29,745",612,"29,294",632,"28,550",707,"27,349",526,"27,252",475,"26,685",454,"26,085",475,"25,406",475,"24,489",476,"22,849",540,"21,343",437,"19,785",468
Georgia,"61,497","2,266","59,265","2,063","56,628","1,782","55,821","2,032","57,985","2,288","57,016","2,434","53,527","1,679","50,768","1,401","49,555","2,009","46,992","4,236","47,439","1,959","48,121","1,504","45,973","2,483","44,117","1,822","43,340","1,256","46,227","1,164","48,641","1,078","49,344","1,210","45,926",838,"40,984",618,"42,438",979,"42,939","1,107","42,576","1,073","41,901",831,"39,425","1,355","38,665","1,179","36,663",916,"32,496","1,666","34,099",897,"31,467","1,238","31,663","1,254","28,797","1,228","27,212","1,088","27,561","1,186","27,542","1,021","26,566",896,"26,714","1,380","24,370","1,112","21,049",788,"19,984",815
Hawaii,"82,199","3,790","80,825","2,427","88,006","3,565","80,108","3,482","73,599","2,352","73,575","2,227","72,133","2,510","64,514","2,840","71,223","2,676","64,235","3,918","61,408","2,207","56,263","2,255","59,047","2,531","59,539","2,731","55,649","2,023","61,521","1,481","64,022","2,125","60,470","1,571","59,586","1,212","56,242","1,690","51,834","1,332","47,303","1,371","47,439","1,256","51,546","1,193","44,504","1,832","40,827","2,369","40,934","1,399","41,772","1,893","42,851","1,292","42,255","2,423","42,662","1,759","42,113","1,435","37,246","1,630","38,921","1,414","35,035","1,328","33,024","1,482","35,022","1,074","29,003","1,206","28,961","1,446","28,877","1,216"
Idaho,"76,918","1,837","66,725","1,988","65,988","2,152","58,728","2,405","59,497","2,259","60,208","2,400","56,564","1,261","51,624","1,260","53,438","2,572","48,467","5,484","51,767","3,656","47,922","3,173","47,459","3,488","47,050","1,869","46,778","1,264","47,420","1,681","49,184","1,291","46,213","1,312","44,176","1,254","44,358","1,387","42,372",982,"37,715","1,121","38,241",966,"37,611","1,192","35,800","1,413","36,680","1,090","33,404","1,339","34,709","1,341","32,676","1,116","31,536","1,278","31,010","1,323","27,704",874,"26,116","1,029","25,305",975,"24,654",953,"23,450","1,004","20,755",834,"20,749",680,"20,761",598,"21,092",963
Illinois,"79,253","1,771","74,334","2,227","74,399","2,625","70,145","2,253","65,969","1,667","64,609","1,999","61,386","1,761","60,413","1,999","54,916","1,625","53,937","3,287","57,196","1,744","51,738","1,328","50,637","1,374","50,728","1,474","52,870",941,"53,254","1,325","52,506",950,"48,671","1,167","48,398",986,"46,077",823,"45,153","1,072","42,710",856,"46,171",879,"46,064",966,"46,330","1,028","43,178","1,234","41,283",782,"39,554","1,107","38,071",875,"35,081",799,"32,857",810,"31,551",752,"31,884",714,"32,542",724,"31,300",623,"29,524",754,"27,084",536,"26,511",634,"24,870",523,"23,752",567
Indiana,"70,190","2,519","66,805","4,176","66,693","3,112","59,892","1,997","58,767","1,655","58,873","2,026","56,094","2,877","51,983","1,682","48,060","1,943","49,455","4,508","50,553","3,220","46,158","1,787","44,445","2,309","46,139","2,573","44,305","1,085","46,520","1,185","47,453","1,255","45,407","1,236","42,437","1,100","42,329","1,151","42,425",959,"41,047",748,"40,379",948,"40,865",679,"40,838","1,719","39,731","1,589","38,889","1,183","35,147","1,298","33,385","1,444","27,858","1,032","29,475","1,361","28,530","1,315","27,089",922,"26,928","1,099","25,898","1,022","26,293",931,"22,519",944,"22,728",709,"22,675",626,"22,770",710
Iowa,"72,429","3,508","68,816","3,347","66,054","4,009","68,718","2,910","63,467","4,760","63,481","5,512","59,094","2,484","60,855","3,275","57,810","3,425","60,156","6,134","54,855","1,967","53,442","2,138","50,219","1,974","49,016","1,342","50,721","1,535","50,142","1,293","48,908","1,451","48,126","1,491","46,500","1,339","43,391","1,521","41,384",884,"41,049","1,152","40,976","1,133","40,991",811,"41,098","1,130","37,019","1,202","33,783","1,282","33,209","1,527","35,519",942,"33,079","1,280","28,663","1,240","28,743",972,"28,553","1,012","27,288",986,"26,265",792,"24,305","1,078","22,190",912,"22,459",750,"20,927",604,"19,863",745
Kansas,"75,979","4,213","73,082","3,632","73,151","4,329","63,938","2,027","56,900","1,937","57,872","2,898","56,810","3,268","54,865","3,731","53,444","2,863","47,820","4,496","51,485","1,498","50,003","1,812","46,147","1,950","46,054","1,816","44,717","1,788","47,877","1,410","48,497","1,805","45,552","1,252","42,027",985,"41,066","1,749","44,232","1,326","42,619","1,047","41,415","1,115","41,059","1,168","37,348","2,078","36,711","1,617","36,471","1,614","32,585","1,460","30,341",921,"28,322","1,064","29,770","1,144","30,346","1,137","29,295",934,"29,917","1,179","26,862",908,"25,566","1,153","25,583",900,"23,926",782,"22,788","1,033","24,629",912
Kentucky,"55,629","3,025","56,755","2,353","55,662","2,553","54,555","3,668","49,672","1,885","51,348","1,364","45,369","2,005","42,387","2,269","42,786","1,580","44,879","3,924","42,158","1,874","41,086","1,900","39,856","1,847","41,104","2,823","42,664","1,313","41,148",812,"39,452","1,211","39,485","1,051","36,699",898,"35,610","1,218","36,936",857,"36,762",874,"38,437","1,009","36,265",848,"33,738","1,484","36,252","1,511","33,452","1,659","32,413","1,439","29,810","1,149","26,595","1,028","24,376","1,091","23,485","1,259","23,764","1,046","24,780","1,213","23,283","1,206","19,907",801,"20,673",939,"19,874","1,006","17,361",748,"17,680","1,079"
Louisiana,"57,206","2,879","51,186","1,602","51,707","1,412","49,973","1,754","43,565","2,088","43,903","1,453","42,196","1,197","45,922","2,140","42,406","1,862","46,425","2,543","39,622","2,857","39,085","1,611","40,658","1,929","39,300","3,248","45,433","1,813","39,563","1,486","41,313",937,"36,488","1,425","37,236","1,297","36,429","1,243","33,507","1,103","34,008","1,258","33,322","1,195","30,718",828,"32,654","1,244","31,735","1,660","33,260","1,551","30,262","1,290","27,949","1,090","25,676","1,501","26,312","1,164","25,439","1,142","25,299","1,156","22,405","1,580","22,861","1,857","20,497","1,474","21,349",858,"20,890",956,"21,179",728,"18,949",880
Maine,"71,139","3,092","63,693","3,437","66,546","5,002","58,663","5,683","53,316","3,121","51,664","2,146","50,856","3,346","50,756","1,929","51,710","2,171","54,957","3,863","50,121","1,953","49,158","2,247","49,693","1,983","47,931","1,687","47,502","1,739","47,228","1,436","47,894","1,398","45,642","1,797","43,923","1,433","41,329","1,223","37,113",945,"36,853",846,"36,612",952,"37,266",853,"38,862","1,319","35,640","1,049","32,772","1,301","34,696","1,211","33,858","1,088","30,316","1,537","27,438","1,203","29,617","1,026","27,868","1,253","27,464","1,572","28,221","1,389","26,402",942,"23,600","1,019","23,424",970,"20,519",803,"20,648",884
Maryland,"97,332","4,492","94,789","4,236","95,572","3,284","86,223","3,331","82,093","3,643","81,084","3,652","73,760","2,591","73,594","2,692","76,165","4,272","69,353","2,970","65,262","4,386","71,836","1,851","68,876","2,125","64,201","2,297","64,186","1,674","63,711","1,769","65,630","1,661","63,668","1,601","60,512","1,477","57,103","1,692","52,314","1,223","56,407","1,532","53,530","1,652","54,535","1,400","52,205","2,217","50,016","2,161","46,685","1,476","43,993","2,565","41,041","1,627","39,198","1,400","39,939","1,282","37,203","1,626","36,952","1,417","38,857","1,596","36,016","1,187","36,552","1,196","34,970","1,388","30,604","1,036","30,136",966,"29,708","1,151"
Massachusetts,"86,566","4,099","87,812","6,327","87,707","2,828","86,345","2,785","76,243","2,394","73,227","3,328","72,266","2,911","67,861","2,790","63,151","2,662","62,529","5,303","62,963","3,456","63,656","3,773","63,313","3,226","60,934","2,193","59,373","1,749","60,320","1,674","58,463","2,231","55,330","2,079","56,017","1,754","52,019","1,667","50,955",953,"49,855","1,153","52,253","1,518","46,753","1,357","44,005","2,023","42,345","1,961","42,023","1,383","39,494","1,932","38,574","1,475","40,500","1,060","37,064",949,"36,359",738,"35,714",790,"36,247",828,"36,086",704,"33,213",839,"32,241",716,"30,339",735,"28,207",810,"26,959",693
Michigan,"64,488","3,819","64,392","3,191","64,119","1,680","60,449","1,906","56,405","2,286","57,700","2,337","57,091","1,908","54,203","2,005","52,005","1,199","56,567","1,587","48,801","2,229","50,015","1,515","48,879","1,844","46,276","1,737","45,994","1,003","49,788","1,154","49,370",798,"48,647",966,"45,933",915,"42,256",858,"45,022",950,"42,715","1,115","45,047",868,"45,512","1,095","46,089","1,026","41,821",917,"38,742","1,108","39,225","1,143","36,426",994,"35,284",685,"32,662",682,"32,267",761,"32,117",689,"29,937",663,"30,775",790,"29,472",607,"27,702",724,"26,605",648,"24,242",838,"22,965",635
Minnesota,"80,441","5,050","78,753","3,393","81,426","2,988","71,817","3,656","69,975","4,649","71,920","2,991","70,218","4,045","68,730","3,063","67,244","3,207","64,324","3,992","60,907","1,843","61,795","1,339","57,820","2,380","52,321","1,606","56,090","1,237","54,925","1,427","58,058","1,888","56,211","1,218","54,215","1,244","56,104","1,070","52,823","1,228","54,622","1,196","52,681","1,134","54,251","1,703","47,038","1,527","47,926","2,115","42,564","1,510","40,991","1,225","37,933","1,848","33,644","1,360","33,682","1,212","30,981","1,297","29,479","1,146","31,465","1,028","30,185","1,278","29,087","1,041","28,082","1,113","26,443","1,150","23,856","1,022","24,436",914
Mississippi,"46,637","1,805","45,134","2,623","44,787","2,997","42,781","2,304","43,281","1,795","43,441","2,204","41,099","1,226","40,037","1,071","35,521","1,294","32,338","2,730","40,850","2,144","36,641","1,546","41,090","2,366","38,160","2,830","35,078","1,304","36,446",830,"37,279",951,"34,733","1,583","32,875","1,292","34,755","1,132","32,728","1,113","30,882",766,"30,161","1,186","34,299","1,354","32,478","1,408","29,120","1,158","28,499","1,386","26,677","1,316","26,538","1,028","25,400",752,"22,191","1,229","20,570","1,074","19,475","1,053","20,178",802,"19,917",947,"18,166",888,"18,513",901,"16,513",639,"16,413",619,"15,430",732
Missouri,"63,594","2,710","62,178","2,715","60,597","2,932","61,726","2,442","56,530","2,333","56,885","2,611","55,016","1,719","59,196","2,607","56,630","3,030","46,303","4,134","50,311","3,698","49,764","2,042","45,774","2,157","45,817","2,157","48,769","1,595","46,038","1,146","46,005","1,104","44,579","1,402","42,986",989,"42,137","1,073","43,762",875,"42,776","1,074","41,339","1,204","45,097","1,187","41,383","1,191","40,201","1,868","36,553","2,060","34,265","1,513","34,825","1,373","30,190","1,442","28,682","1,466","27,361","1,451","27,926","1,415","27,332","1,394","26,497",746,"23,443","1,088","23,720","1,167","21,925",772,"21,939",608,"20,775",715
Montana,"64,999","5,000","56,741","2,497","60,195","2,294","57,679","2,876","57,407","2,223","59,087","2,589","57,075","2,880","51,395","2,937","51,102","1,778","43,201","5,946","44,132","3,252","45,088","2,565","40,277","2,036","41,280","1,847","40,437","1,002","42,900","1,764","43,655","1,699","41,105",697,"37,313","1,161","33,956",709,"34,108","1,067","34,835","1,212","32,126",737,"32,777","1,001","31,038",966,"31,577","1,133","29,212","1,145","28,684","1,566","27,757","1,105","27,631","1,246","26,470",965,"26,525",728,"24,827",890,"23,375",983,"23,692","1,311","22,231",829,"20,474",799,"20,328",749,"20,236",800,"19,536",720
Nebraska,"78,109","3,963","72,248","2,453","73,071","3,259","67,575","3,933","59,583","2,790","59,619","2,848","59,374","2,678","60,474","2,937","56,870","2,254","57,623","4,217","53,774","1,815","52,196","2,699","55,616","2,693","52,504","1,761","49,595","1,657","50,728","1,254","49,174","1,379","48,145","1,490","47,923","1,447","43,786","1,332","43,974","1,306","42,796","1,038","43,611","1,116","41,750","1,018","38,626","1,366","36,413","1,549","34,692","1,528","34,014","1,500","32,929","1,155","31,794","1,116","31,008",833,"30,048","1,071","29,549","1,007","27,482","1,128","26,319","1,521","25,159",960,"23,268",761,"21,772",814,"21,799",914,"21,397",765
Nevada,"64,340","3,500","61,164","2,427","70,906","3,465","61,864","2,116","58,041","2,952","56,550","3,039","55,431","2,137","52,008","2,272","49,875","1,836","51,846","3,178","45,369","2,830","47,333","2,533","47,043","2,669","51,200","1,922","51,434","1,097","54,744","2,658","54,058","1,294","52,282","1,252","48,209","1,680","47,204","1,382","45,184","1,554","44,958","1,161","45,403","1,130","45,758","1,011","41,461","1,764","39,756","1,225","38,854","1,576","38,540","1,615","36,084","1,314","35,871","1,534","35,814","1,078","31,908",796,"32,937","1,564","32,023","1,179","29,340",948,"27,983",956,"26,878","1,128","26,217",895,"23,274","1,005","25,776","1,018"
New Hampshire,"88,841","4,818","88,894","3,481","86,900","2,721","81,346","3,394","75,630","3,941","74,801","3,041","76,260","2,913","75,675","3,519","73,397","3,253","69,099","3,967","71,322","3,261","67,819","2,224","65,880","1,652","66,633","1,651","64,131","1,856","66,176","3,204","67,576","1,846","61,970","1,479","56,984","2,026","56,815","1,324","55,567","1,304","55,321","1,289","51,331",719,"50,926","1,243","46,055","1,952","44,958","1,866","40,998","1,604","39,407","1,734","39,171","1,556","35,245","1,837","37,964","1,620","39,436","1,922","36,032","1,339","40,805","1,313","37,532","1,371","34,625","1,129","32,338","1,450","30,548",829,"26,403","1,074","25,914",735
New Jersey,"88,559","4,751","85,549","4,056","87,726","4,069","74,176","2,845","71,240","4,129","72,997","2,999","68,468","2,867","68,357","3,132","65,243","2,693","63,754","4,464","61,782","3,058","66,692","1,960","62,338","3,028","62,968","2,443","64,777","1,919","65,306","2,297","60,508","1,458","68,059","1,979","63,368","2,257","55,275","1,283","56,045","1,023","54,568","1,605","51,771",933,"50,405",991,"49,734","1,405","49,826","1,436","48,021","1,424","47,468","1,217","43,924","1,400","42,280","1,064","40,500",986,"39,000",841,"40,049","1,033","38,734",864,"39,120",948,"36,287",658,"34,241",794,"31,715",842,"30,980",643,"27,776",800
New Mexico,"53,463","3,142","50,906","1,719","53,113","2,196","48,283","2,202","45,601","1,826","47,855","1,969","48,451","2,961","45,119","2,885","46,686","3,312","40,166","4,408","42,127","2,670","43,424","2,267","41,982","2,154","45,134","3,016","43,542","1,494","42,102","1,381","44,356","1,474","40,028","1,257","38,947","1,700","39,562","1,584","35,105","1,142","35,457","1,061","33,124","1,238","35,093","1,248","32,574","1,746","31,543","1,398","30,086","1,157","25,086","1,091","25,991","1,100","26,905","1,382","26,758",853,"25,860","1,347","26,540","1,195","25,039","1,048","22,602","1,029","19,296",833,"20,758",621,"19,845",693,"20,423","1,025","20,630","1,029"
New York,"72,920","2,771","68,659","2,397","71,855","1,699","67,274","1,722","61,543","1,722","62,447","2,093","61,437","1,405","58,005","2,205","54,310","1,781","49,966","2,267","53,843","1,642","47,680","1,585","50,636","1,006","49,781","1,320","50,216",599,"50,461",682,"48,944",918,"48,222",989,"47,176",827,"44,649",792,"42,788",872,"41,966",580,"42,114",600,"40,744",581,"39,989",879,"37,394",777,"35,798",634,"35,410",746,"33,028",716,"31,899",477,"31,697",556,"31,051",529,"31,794",538,"31,591",511,"31,496",453,"28,915",668,"26,384",456,"25,025",474,"23,639",523,"22,027",417
North Carolina,"62,891","2,101","60,430","1,648","61,159","1,649","53,369","1,761","49,547","2,217","50,343","1,760","53,764","1,629","50,797","1,343","46,784","1,710","46,337","2,974","41,208","2,058","41,553","1,294","45,206","1,560","43,830","1,923","41,906",576,"42,930",846,"43,513","1,072","39,797",815,"42,056",964,"40,238",812,"37,279",941,"36,515",716,"38,162",951,"38,317",806,"37,254",960,"35,838","1,022","35,840",917,"35,601","1,008","31,979",888,"30,114",670,"28,820",653,"27,771",616,"26,853",510,"26,329",556,"26,406",517,"24,415",536,"22,760",542,"21,861",698,"21,451",585,"20,569",641
North Dakota,"68,882","2,731","64,115","2,341","70,031","3,170","66,505","3,095","60,167","2,102","59,886","1,676","60,184","2,290","57,415","3,233","60,730","3,138","59,152","3,451","52,888","2,863","55,766","2,123","56,361","2,960","51,006","2,311","50,075","1,738","49,631","1,188","47,205","1,280","41,047","1,405","42,192","1,221","39,220","1,251","40,410",852,"36,200",824,"35,793",804,"35,996","1,065","32,663","1,383","30,304","1,179","31,661","1,361","31,470","1,184","29,089","1,217","28,278","1,115","28,118",835,"26,959",901,"25,892",932,"25,264","1,003","25,229",903,"24,092","1,009","22,576",905,"21,508",785,"21,205",809,"20,771","1,038"
Ohio,"62,689","2,930","60,379","1,542","64,663","3,011","61,633","2,254","60,688","1,892","59,768","1,890","53,985","1,894","53,301","1,957","49,644","1,393","50,748","2,448","46,398","1,386","44,375","1,723","44,648","1,200","45,886","1,493","45,879",626,"46,934",848,"49,099","1,085","45,900",633,"44,203","1,046","43,055",977,"43,520",930,"42,684",777,"41,785",661,"42,962",732,"39,489",989,"38,925","1,576","36,134",894,"34,070","1,063","34,941",988,"31,855",584,"31,285",658,"31,404",587,"29,790",759,"30,013",720,"29,021",655,"27,740",636,"25,773",555,"25,115",588,"25,174",564,"23,123",492
Oklahoma,"60,096","3,913","52,471","1,911","59,397","2,357","54,434","2,774","51,882","3,109","55,006","3,102","50,943","1,652","47,077","1,937","47,199","2,775","46,162","3,442","43,777","4,085","48,407","2,821","48,455","2,395","43,103","2,073","45,878","1,139","46,111",931,"43,216","1,453","38,838","1,597","37,645","1,449","39,614","1,122","35,902",781,"36,458",613,"35,609",690,"32,432",709,"32,683","1,491","33,727","1,232","31,351","1,025","27,437","1,089","26,311",880,"26,991","1,213","26,260","1,492","25,284","1,075","25,462","1,079","24,384","1,044","23,667","1,236","23,667",756,"21,691",884,"20,948",871,"21,205",764,"21,148",718
Oregon,"81,855","3,071","76,855","3,583","74,413","5,675","69,165","3,655","62,498","2,542","64,610","2,856","59,135","2,622","60,834","2,374","58,875","2,998","48,999","2,887","56,307","2,022","51,775","2,330","51,526","1,607","50,602","1,505","49,098","1,644","51,727","1,374","50,236","1,357","47,091","1,396","44,159","1,391","40,994","1,051","41,638",965,"41,802",855,"41,273",752,"42,499",936,"40,619","1,252","39,067","1,927","37,247","1,788","35,492","1,274","36,374",970,"31,456","1,128","33,138","1,160","31,927","2,039","30,190","1,087","29,281",966,"28,529","1,435","27,748","1,150","25,038","1,092","24,773","1,002","21,894","1,042","21,399",745
Pennsylvania,"72,627","2,054","70,789","3,413","70,582","3,226","64,524","1,635","61,285","1,846","63,173","2,753","60,979","2,036","60,389","2,227","55,173","2,266","55,156","2,936","53,952","1,606","51,904","1,405","49,910","1,694","48,314","1,508","48,172",937,"51,402",589,"48,437",932,"48,477",869,"46,300",745,"44,106","1,039","42,933",778,"42,498",795,"43,499",723,"42,176",704,"37,758","1,141","39,015","1,080","37,517",964,"34,899",974,"34,524",683,"32,066",654,"30,995",694,"29,882",667,"30,367",614,"29,005",688,"28,690",684,"26,742",497,"25,424",541,"23,807",495,"22,877",538,"20,346",499
Rhode Island,"74,982","4,221","80,175","3,382","70,151","4,980","62,266","3,348","65,401","4,044","66,390","4,209","61,528","2,828","55,701","3,247","58,633","4,001","56,323","3,852","57,812","2,135","56,065","2,561","49,033","2,283","51,623","1,730","51,634","1,446","53,241","2,399","54,210","1,849","53,736","1,823","49,484","1,456","47,935","1,972","44,711","1,249","42,417",875,"45,723","1,147","42,197","1,018","42,719","1,980","40,686","2,657","34,797","2,235","36,986","1,036","35,359","1,373","31,928","1,321","33,509","1,547","30,432","1,433","30,836","1,091","31,968","1,175","30,124","1,354","29,842","1,584","28,292","1,440","26,540","1,060","24,625",900,"21,612",848
South Carolina,"62,542","2,161","60,341","1,981","62,028","1,783","57,444","2,082","54,537","2,133","54,971","2,078","54,336","3,153","46,360","2,266","44,929","2,244","43,563","2,388","43,749","2,970","44,401","2,157","40,084","1,702","41,698","1,460","41,101","1,113","42,155","1,121","44,213","1,553","39,617","1,347","40,230","1,204","38,691","1,021","38,479","1,121","37,812","1,224","37,736","1,023","37,570",937,"36,462","1,728","33,267","1,310","34,262","1,609","34,665","1,405","29,071","1,400","29,846","1,139","26,053",960,"27,578","1,434","27,463","1,137","28,735","1,383","23,798","1,059","25,533","1,150","25,049","1,136","21,968",864,"20,036",862,"20,309",934
South Dakota,"73,893","2,655","70,189","4,333","64,255","3,776","59,463","2,642","56,914","3,986","56,894","3,633","57,450","3,075","55,065","2,604","53,053","3,542","53,413","2,917","54,453","3,030","49,415","1,705","47,223","2,147","45,352","2,045","45,826","1,289","51,600",995,"46,418",900,"45,427","1,641","43,151","1,369","41,107",995,"39,522","1,004","37,873",953,"39,671",856,"36,475",687,"35,828",944,"32,786","1,013","29,694","1,145","29,526","1,003","29,578","1,610","29,733","1,185","27,737","1,040","26,259",669,"24,639",780,"24,571",858,"24,108",999,"22,294",703,"21,151",597,"19,898",664,"18,142",702,"19,409",928
Tennessee,"62,166","2,640","54,975","1,804","56,627","2,766","56,060","1,442","55,306","2,131","55,240","2,162","51,344","1,387","47,330","1,708","43,716","2,326","43,361","3,435","42,499","2,934","42,995","2,407","42,279","2,556","38,591","1,257","40,517",988,"39,702","1,211","41,195","1,116","40,693",755,"39,406","1,191","38,072","1,057","37,523","1,181","37,030","1,111","35,783",791,"34,096",930,"36,522","1,310","34,091","1,307","30,636","1,358","30,790","1,087","29,015","1,268","28,639","1,028","25,102",831,"24,318",913,"24,453",915,"22,592",869,"22,611","1,305","20,856","1,017","21,179",795,"18,256",884,"17,778",557,"16,782",576
Texas,"67,404","1,525","68,404","1,938","67,444","1,769","59,785","1,372","60,092","1,326","59,295","1,702","58,146","1,407","56,473","1,289","53,875","1,344","51,406","1,360","53,027","1,613","51,926",950,"49,047","1,153","47,266","1,159","47,475",743,"46,490",674,"46,053",700,"43,307",828,"41,422",420,"41,397",549,"39,271",762,"40,149",563,"40,860",512,"38,609",785,"38,688","1,020","35,783",662,"35,075",880,"33,072",763,"32,039",634,"30,755",655,"28,727",613,"27,953",634,"27,733",626,"28,228",716,"25,886",559,"24,963",582,"24,721",637,"24,162",514,"23,743",546,"23,024",533
Utah,"87,649","4,238","83,993","2,880","84,523","3,494","77,067","2,327","69,789","2,164","71,319","2,250","67,481","2,237","66,258","2,462","63,383","3,231","61,047","1,553","62,967","4,137","58,341","2,944","55,493","1,659","56,701","1,962","58,491","1,588","62,537","1,526","53,529","1,218","54,628","1,671","54,813","1,303","50,871",927,"49,275",902,"47,861","1,146","47,342","1,601","47,550","1,041","46,050","1,615","44,299","1,375","42,775","1,785","37,038","1,330","36,480",919,"35,716","1,041","35,786","1,242","34,251","1,145","28,016","1,359","30,142","1,018","30,717","1,014","26,313",909,"26,529","1,194","26,281",810,"25,238",702,"23,057",735
Vermont,"76,079","3,471","67,257","4,095","74,305","3,084","70,066","2,350","63,682","3,308","63,805","3,133","60,837","1,364","59,494","2,622","60,708","3,098","65,513","4,013","54,842","2,981","55,582","3,030","51,862","2,007","55,928","2,247","52,318","1,438","50,706",982,"47,390","1,398","51,981","1,266","50,704","1,309","47,329","1,270","43,261",977,"42,999",830,"40,794",944,"39,594",921,"41,584","1,407","39,372","1,591","35,053","1,727","32,358","1,250","33,824","1,242","35,802","1,906","31,065",956,"32,755","1,333","29,155","1,222","31,098","1,331","31,295","1,136","28,988","1,077","25,415","1,374","24,599","1,003","26,000",942,"22,578",983
Virginia,"80,268","2,953","82,214","3,115","81,313","3,056","77,151","3,086","70,811","3,805","71,293","3,276","66,451","2,436","61,486","2,439","66,155","2,946","65,907","2,740","67,620","2,542","64,632","2,166","62,616","1,773","60,367","1,965","60,501","1,193","61,985","1,447","59,161","1,365","57,119","1,592","51,914","1,185","51,141","1,116","54,783","1,563","49,631","1,290","50,241","1,148","47,163","1,065","45,693","1,770","43,354","2,195","42,957","1,897","39,211","1,459","36,222","1,391","37,647","1,531","36,433","1,387","38,198","1,359","36,137","1,336","35,073","1,048","34,118","1,205","32,648","1,319","29,996","1,013","29,715","1,074","28,429","1,324","26,525",874
Washington,"87,648","3,307","81,358","3,097","82,454","2,920","79,726","3,025","71,540","2,124","75,418","3,307","70,310","2,092","67,243","3,253","59,068","2,195","63,922","3,386","60,106","2,198","62,187","2,249","56,850","1,983","56,163","2,060","60,392","1,199","56,631","2,021","58,080","1,736","54,723","1,244","50,646","1,045","49,922","1,068","47,508","1,395","45,183",964,"42,490","1,264","42,525","1,211","45,473","2,080","47,421","1,379","44,562","1,715","36,676","1,608","35,568","1,252","33,533","1,190","35,655","1,111","33,900","1,247","33,970","1,185","32,112","1,239","31,961","1,472","32,327","1,030","27,319","1,108","26,881",950,"24,000",756,"25,017",823
West Virginia,"46,836","2,247","51,970","2,178","53,706","2,995","50,573","1,337","46,957","1,277","45,392","1,485","44,354","1,994","42,824","3,132","39,552","2,195","43,069","3,454","40,241","2,690","43,553","2,774","41,821","1,766","42,777","2,518","40,490",913,"37,994","1,404","42,091",989,"38,419","1,214","36,445","1,076","33,373","1,173","32,763",993,"29,359",699,"29,673",674,"29,411",645,"29,297","1,149","26,704",780,"27,488","1,315","25,247","1,301","24,880",870,"23,564","1,217","22,421",981,"20,271",892,"23,147",918,"22,137","1,142","21,677",843,"19,353",930,"17,207",778,"16,464",905,"15,983",828,"16,843",608
Wisconsin,"69,943","3,133","67,405","4,826","67,355","2,323","62,629","2,039","63,482","2,908","63,451","3,673","59,817","1,845","55,425","1,487","58,080","2,154","51,726","2,629","55,258","2,338","53,079","1,709","52,058","2,067","50,351","1,435","51,237",806,"51,200",852,"51,277","1,040","51,692","1,146","44,650","1,178","45,732","1,337","46,269",978,"45,903",946,"45,346","1,123","45,088",952,"45,667","1,878","41,327","1,271","39,595","1,150","40,001","1,780","40,955","1,318","35,388","1,272","31,766","1,340","33,308","1,097","31,133","1,018","30,711",897,"29,123","1,240","29,575",978,"26,369","1,410","26,430",803,"23,246","1,161","20,743",821
Wyoming,"71,052","3,919","65,450","2,206","65,134","3,773","62,539","3,892","59,536","3,184","57,837","3,134","57,829","3,122","60,925","2,024","55,690","2,019","67,441","3,988","55,700","3,168","57,512","2,820","54,509","2,277","52,201","2,181","52,470","2,131","53,337","1,577","48,744","1,363","47,041","1,503","44,718","1,508","45,397","1,146","42,555","1,000","39,763",976,"39,719","1,166","39,629","1,056","37,248","1,285","35,250","1,316","33,423","1,441","30,953",858,"31,529","1,136","33,140","1,848","29,442","1,167","30,209","1,420","29,050","1,382","29,460",991,"29,521","1,289","26,419","1,095","27,590","1,458","23,559",863,"22,081","1,049","23,816",731
2021 Dollars,,,,,,,,,,,,,,,,,,,,,,,,,,,,,,,,,,,,,,,,,,,,,,,,,,,,,,,,,,,,,,,,,,,,,,,,,,,,,,,,
State,2021,,2020 (41),,2019,,2018,,2017 (40),,2017,,2016,,2015,,2014,,2013 (39),,2013 (38),,2012,,2011,,2010 (37),,2009 (36),,2008,,2007,,2006,,2005,,2004 (revised),,2003,,2002,,2001,,2000 (30),,1999 (29),,1998,,1997,,1996,,1995 (25),,1994 (24),,1993 (23),,1992 (22),,1991,,1990,,1989,,1988,,1987 (21),,1986,,1985 (20),,1984 (19),
,Median income,Standard error,Median income,Standard error,Median income,Standard error,Median income,Standard error,Median income,Standard error,Median income,Standard error,Median income,Standard error,Median income,Standard error,Median income,Standard error,Median income,Standard error,Median income,Standard error,Median income,Standard error,Median income,Standard error,Median income,Standard error,Median income,Standard error,Median income,Standard error,Median income,Standard error,Median income,Standard error,Median income,Standard error,Median income,Standard error,Median income,Standard error,Median income,Standard error,Median income,Standard error,Median income,Standard error,Median income,Standard error,Median income,Standard error,Median income,Standard error,Median income,Standard error,Median income,Standard error,Median income,Standard error,Median income,Standard error,Median income,Standard error,Median income,Standard error,Median income,Standard error,Median income,Standard error,Median income,Standard error,Median income,Standard error,Median income,Standard error,Median income,Standard error,Median income,Standard error
United States,"70,784",368,"71,186",560,"72,808",583,"68,168",453,"67,571",356,"67,832",370,"66,657",492,"64,631",367,"61,468",449,"62,425",762,"60,507",322,"60,313",247,"60,428",303,"61,364",405,"63,011",270,"63,455",173,"65,801",183,"64,930",279,"64,427",216,"63,745",282,"63,967",278,"64,047",210,"64,779",198,"66,248",208,"66,385",310,"64,781",383,"62,484",289,"61,225",309,"60,348",349,"58,515",267,"57,843",270,"58,153",275,"58,607",280,"60,370",308,"61,153",336,"60,115",307,"59,624",291,"58,920",305,"56,871",308,"55,828",254
Alabama,"56,929","2,294","57,243","2,682","59,558","2,662","53,879","2,614","56,219","1,209","56,493",934,"53,314","2,598","50,900","3,910","48,432","1,752","55,126","6,420","48,207","2,697","51,384","2,990","51,417","2,440","50,975","2,984","50,609","1,144","56,105","2,093","55,294","1,860","51,124","1,366","51,666","1,690","52,667","1,874","55,014","2,333","56,789","1,604","53,936","1,543","55,888","1,691","59,134","1,940","60,418","2,177","53,930","2,713","52,272","2,170","46,029","2,242","49,324","2,827","46,440","2,014","48,989","2,008","47,363","2,078","47,092","2,091","45,028","2,264","44,047","2,014","45,148","2,624","45,277","2,094","44,145","1,830","43,113","1,507"
Alaska,"81,133","3,967","78,236","3,723","83,079","7,085","74,161","3,658","86,196","4,109","79,834","3,005","85,494","4,613","85,898","3,985","77,473","3,612","84,427","6,344","71,222","3,846","75,246","3,356","69,334","4,479","72,039","2,976","77,982","2,217","80,720","2,904","82,515","2,074","75,999","2,014","77,729","1,851","79,172","2,978","76,547","1,449","79,700","1,620","87,996","3,086","83,377","1,829","83,839","3,631","84,451","3,539","81,039","2,124","91,045","3,290","84,925","3,556","82,279","2,710","79,487","3,042","79,348","2,194","79,006","3,545","79,231","3,280","76,174","2,915","73,094","2,612","76,032","3,425","74,205","2,407","83,754","2,622","80,587","3,669"
Arizona,"70,821","3,394","70,220","3,568","74,897","3,593","67,201","2,472","65,984","2,972","67,559","2,920","64,468","2,225","59,751","2,296","56,424","2,639","61,290","5,085","58,949","5,628","55,616","3,454","58,698","2,926","58,400","2,773","57,899","1,571","59,180","1,419","61,848","2,037","62,850","1,678","62,924","1,768","63,043","1,643","60,789","2,100","60,007","1,515","65,509","2,211","62,766","1,909","60,348","1,848","61,791","2,091","55,283","2,190","54,575","2,198","54,658","2,409","56,754","1,402","56,490","2,074","55,727","2,065","59,796","1,745","58,921","2,300","60,404","2,560","58,371","1,861","61,198","2,041","60,347","1,699","57,495","1,792","53,362","1,517"
Arkansas,"50,784","1,440","53,148","1,923","57,799","2,526","53,712","2,274","54,988","2,753","53,969","2,920","51,830","2,444","48,944","1,798","51,461","2,917","45,872","2,798","46,504","2,783","46,128","3,324","49,862","2,232","48,053","3,068","46,252","1,151","49,936","1,506","53,438","1,766","49,918","1,033","50,981","1,820","50,301","1,429","47,257","1,146","48,911","1,175","51,143","1,755","46,853","1,218","48,418","1,674","46,089","1,933","44,175","1,949","46,788","1,687","45,716","1,769","46,366","1,712","42,657","1,568","45,333","2,654","45,590","1,523","45,940","1,978","45,343","1,936","44,541","1,559","43,073","2,306","44,325","1,810","42,021","1,840","39,038","1,863"
California,"81,575","1,219","81,278","1,504","82,772","1,961","76,055","1,330","77,410","1,742","77,102","1,605","75,235","1,214","72,774","1,957","69,292","1,024","70,823","2,110","67,018","1,425","67,410","1,464","64,428","1,664","67,600","1,472","71,058",784,"71,921","1,046","73,007",810,"74,518",936,"71,977",640,"70,773",949,"72,801","1,209","71,640","1,157","72,501","1,115","73,862","1,082","71,169","1,147","68,195",961,"67,025","1,459","66,952","1,411","65,542","1,280","64,078","1,123","63,086","1,205","66,253","1,194","65,490","1,333","67,118","1,139","69,833","1,307","66,876","1,400","68,969","1,231","68,654","1,349","64,969",843,"62,981",907
Colorado,"84,954","3,155","87,689","6,300","76,832","5,533","78,801","3,843","82,877","2,941","81,980","3,296","79,671","4,657","76,159","4,211","69,811","2,765","79,115","4,810","73,825","3,262","67,688","3,201","70,781","3,082","75,009","3,090","70,800","2,019","76,877","2,394","80,089","1,328","75,027","2,053","70,161","1,790","73,166","2,286","73,746","1,710","72,935","2,211","75,776","1,825","76,108","1,952","78,588","2,419","77,633","1,809","73,000","3,283","70,640","2,293","72,089","2,749","68,615","2,623","63,855","2,905","61,661","2,792","61,278","2,422","61,963","1,827","56,710","2,958","57,883","2,837","60,573","2,459","64,351","2,191","67,861","2,047","64,261","2,005"
Connecticut,"80,958","5,261","83,141","3,770","92,507","4,907","78,561","5,523","82,125","3,816","80,441","3,878","85,720","3,843","83,355","5,088","80,374","3,053","80,721","3,772","78,962","2,967","75,954","3,373","78,973","3,639","82,189","2,609","82,092","2,922","81,594","3,407","84,019","2,684","84,062","2,912","79,042","2,271","79,225","2,370","81,166","2,305","80,626","2,069","81,836","1,902","79,156","2,141","82,529","3,745","77,481","4,545","74,270","3,358","72,657","5,325","71,269","4,018","74,535","2,893","73,164","3,074","77,524","3,743","82,006","3,782","78,369","4,228","89,534","3,368","79,961","2,855","75,183","3,116","77,436","3,798","74,864","2,719","74,597","3,083"
Delaware,"68,687","2,919","73,292","5,529","78,628","3,189","70,145","3,883","71,799","5,781","68,878","3,647","65,536","3,378","66,049","3,879","65,895","3,402","63,014","5,068","60,833","2,896","57,896","2,336","65,989","2,107","68,759","2,808","65,969","2,255","63,959","1,751","71,507","2,828","70,637","2,330","71,254","1,496","69,087","2,043","72,386","2,035","74,982","2,545","76,091","2,252","79,461","2,379","76,061","3,721","69,068","2,920","72,663","3,482","67,809","2,418","61,857","3,273","65,061","2,160","66,773","1,572","67,724","2,644","63,391","2,161","62,106","2,244","67,843","2,397","67,357","2,577","66,906","2,002","60,645","2,868","55,335","3,289","64,306","2,558"
District of Columbia,"90,640","3,756","92,337","3,675","98,675","4,116","92,521","2,869","89,838","2,103","92,159","3,668","80,141","3,087","80,133","3,272","78,216","5,043","69,964","6,441","70,684","3,590","77,135","4,340","66,702","2,546","70,893","4,151","67,269","2,643","70,125","2,224","66,521","1,437","65,302","2,262","62,573","3,014","62,475","2,680","66,516","2,094","59,004","1,503","63,154","1,569","65,036","1,691","63,080","2,608","55,698","2,184","53,797","1,662","55,142","2,722","54,454","2,093","54,619","2,008","50,554","3,196","57,415","2,134","58,138","3,702","55,227","3,149","56,596","2,147","59,046","1,652","62,813","2,940","57,559","2,963","50,750","1,820","50,829","2,142"
Florida,"59,734","1,509","60,460","1,899","61,856","1,673","58,959","2,036","58,674","1,589","59,332","2,007","57,779",943,"55,836","1,595","52,856","1,088","56,538","3,279","55,785","1,832","54,466","1,312","54,454","1,374","54,876","1,923","57,763",894,"56,585","1,082","59,986",747,"61,528",847,"59,787","1,126","58,283",909,"57,549","1,121","57,425","1,250","55,871",640,"61,303","1,172","58,449","1,023","58,157","1,278","54,801",984,"52,857",885,"52,678","1,084","53,129","1,146","52,861","1,309","51,914",998,"53,016",924,"53,801",915,"55,185","1,005","56,098","1,049","56,027","1,089","54,073","1,278","51,393","1,052","49,277","1,166"
Georgia,"61,497","2,266","62,033","2,159","60,012","1,888","60,229","2,192","64,089","2,529","63,018","2,690","60,434","1,896","58,058","1,602","56,768","2,301","54,744","4,935","55,265","2,282","56,890","1,778","55,501","2,998","54,940","2,269","54,862","1,590","58,314","1,468","63,716","1,412","66,469","1,630","63,871","1,165","58,928",889,"62,668","1,446","64,847","1,672","65,313","1,646","66,107","1,311","64,311","2,210","64,415","1,964","61,907","1,547","56,057","2,874","60,388","1,589","57,070","2,245","58,624","2,322","54,662","2,331","52,938","2,117","55,568","2,391","58,268","2,160","58,660","1,978","61,117","3,157","57,673","2,632","50,685","1,897","49,773","2,030"
Hawaii,"82,199","3,790","84,600","2,540","93,265","3,778","86,433","3,757","81,346","2,600","81,320","2,461","81,440","2,834","73,778","3,248","81,591","3,066","74,831","4,564","71,538","2,571","66,515","2,666","71,285","3,056","74,145","3,401","70,444","2,561","77,606","1,868","83,863","2,784","81,457","2,116","82,868","1,686","80,867","2,430","76,542","1,967","71,438","2,071","72,773","1,927","81,324","1,882","72,596","2,988","68,017","3,947","69,118","2,362","72,058","3,265","75,888","2,288","76,635","4,394","78,989","3,257","79,939","2,724","72,458","3,171","78,471","2,851","74,120","2,810","72,920","3,272","80,125","2,457","68,637","2,854","69,737","3,482","71,922","3,029"
Idaho,"76,918","1,837","69,841","2,081","69,932","2,281","63,365","2,595","65,760","2,497","66,546","2,653","63,863","1,424","59,037","1,441","61,217","2,946","56,462","6,389","60,307","4,259","56,654","3,751","57,295","4,211","58,592","2,328","59,215","1,600","59,818","2,121","64,427","1,691","62,252","1,767","61,437","1,744","63,780","1,994","62,570","1,450","56,958","1,693","58,663","1,482","59,339","1,881","58,398","2,305","61,108","1,816","56,404","2,261","59,874","2,313","57,868","1,976","57,195","2,318","57,415","2,450","52,588","1,659","50,806","2,002","51,019","1,966","52,158","2,016","51,779","2,217","47,484","1,908","49,104","1,609","49,992","1,440","52,533","2,398"
Illinois,"79,253","1,771","77,805","2,331","78,845","2,782","75,684","2,431","72,913","1,842","71,410","2,209","69,307","1,988","69,088","2,286","62,910","1,862","62,835","3,829","66,631","2,032","61,166","1,570","61,132","1,659","63,173","1,836","66,926","1,191","67,178","1,671","68,778","1,244","65,563","1,572","67,308","1,371","66,251","1,183","66,677","1,583","64,501","1,293","70,827","1,348","72,675","1,524","75,575","1,677","71,933","2,056","69,708","1,320","68,232","1,910","67,423","1,550","63,624","1,449","60,835","1,500","59,890","1,427","62,027","1,389","65,610","1,460","66,218","1,318","65,191","1,665","61,964","1,226","62,740","1,500","59,886","1,259","59,158","1,412"
Indiana,"70,190","2,519","69,925","4,371","70,679","3,298","64,621","2,155","64,953","1,829","65,070","2,239","63,332","3,248","59,447","1,924","55,056","2,226","57,613","5,252","58,892","3,751","54,569","2,113","53,657","2,788","57,458","3,204","56,084","1,373","58,683","1,495","62,159","1,644","61,166","1,665","59,018","1,530","60,862","1,655","62,648","1,416","61,990","1,130","61,942","1,454","64,473","1,071","66,616","2,804","66,191","2,647","65,665","1,998","60,630","2,239","59,124","2,557","50,524","1,872","54,573","2,520","54,155","2,496","52,699","1,794","54,291","2,216","54,790","2,162","58,057","2,056","51,520","2,160","53,787","1,678","54,601","1,507","56,712","1,768"
Iowa,"72,429","3,508","72,030","3,503","70,002","4,249","74,144","3,140","70,148","5,261","70,163","6,092","66,719","2,805","69,593","3,745","66,225","3,924","70,080","7,146","63,904","2,291","63,180","2,528","60,627","2,383","61,041","1,671","64,206","1,943","63,252","1,631","64,065","1,901","64,829","2,008","64,669","1,862","62,389","2,187","61,111","1,305","61,993","1,740","62,858","1,738","64,671","1,280","67,040","1,843","61,673","2,002","57,044","2,165","57,287","2,634","62,903","1,668","59,993","2,321","53,070","2,296","54,560","1,845","55,547","1,969","55,017","1,988","55,566","1,676","53,667","2,380","50,767","2,087","53,150","1,775","50,392","1,454","49,472","1,856"
Kansas,"75,979","4,213","76,495","3,801","77,523","4,588","68,987","2,187","62,889","2,141","63,964","3,203","64,140","3,690","62,743","4,267","61,224","3,280","55,709","5,238","59,978","1,745","59,115","2,142","55,712","2,354","57,352","2,261","56,606","2,263","60,395","1,779","63,527","2,364","61,361","1,687","58,448","1,370","59,046","2,515","65,317","1,958","64,364","1,581","63,532","1,710","64,779","1,843","60,923","3,390","61,159","2,694","61,582","2,725","56,210","2,519","53,733","1,631","51,366","1,930","55,119","2,118","57,603","2,158","56,990","1,817","60,318","2,377","56,829","1,921","56,452","2,546","58,530","2,059","56,622","1,851","54,873","2,487","61,342","2,271"
Kentucky,"55,629","3,025","59,405","2,463","58,989","2,706","58,863","3,958","54,901","2,083","56,753","1,508","51,223","2,264","48,474","2,595","49,014","1,810","52,282","4,571","49,113","2,183","48,573","2,246","48,117","2,230","51,188","3,516","54,007","1,662","51,907","1,024","51,679","1,586","53,189","1,416","51,038","1,249","51,201","1,751","54,543","1,266","55,519","1,320","58,963","1,548","57,215","1,338","55,035","2,421","60,395","2,517","56,485","2,801","55,913","2,482","52,793","2,035","48,234","1,864","45,132","2,020","44,579","2,390","46,230","2,035","49,961","2,446","49,257","2,551","43,956","1,769","47,297","2,148","47,033","2,381","41,805","1,801","44,034","2,687"
Louisiana,"57,206","2,879","53,576","1,677","54,797","1,497","53,919","1,892","48,151","2,308","48,524","1,606","47,641","1,351","52,516","2,447","48,579","2,133","54,083","2,963","46,158","3,328","46,207","1,905","49,085","2,329","48,941","4,045","57,512","2,295","49,907","1,875","54,117","1,227","49,152","1,920","51,785","1,804","52,379","1,787","49,479","1,629","51,360","1,900","51,117","1,833","48,464","1,306","53,266","2,029","52,870","2,766","56,161","2,619","52,203","2,225","49,497","1,930","46,567","2,722","48,717","2,155","48,288","2,168","49,216","2,249","45,172","3,186","48,364","3,929","45,259","3,255","48,843","1,963","49,437","2,262","50,998","1,753","47,195","2,192"
Maine,"71,139","3,092","66,667","3,597","70,523","5,301","63,295","6,132","58,928","3,450","57,102","2,372","57,418","3,778","58,044","2,206","59,237","2,487","64,023","4,500","58,389","2,275","58,116","2,656","59,992","2,394","59,689","2,101","60,131","2,201","59,576","1,811","62,737","1,831","61,483","2,421","61,085","1,993","59,424","1,758","54,804","1,395","55,656","1,278","56,164","1,460","58,795","1,346","63,393","2,152","59,375","1,748","55,337","2,197","59,852","2,089","59,962","1,927","54,982","2,788","50,802","2,227","56,219","1,948","54,214","2,438","55,372","3,169","59,704","2,939","58,298","2,080","53,993","2,331","55,434","2,296","49,409","1,934","51,427","2,202"
Maryland,"97,332","4,492","99,215","4,434","101,283","3,480","93,031","3,594","90,734","4,026","89,619","4,036","83,277","2,925","84,162","3,079","87,252","4,894","80,794","3,460","76,028","5,110","84,926","2,188","83,151","2,565","79,951","2,860","81,251","2,119","80,369","2,232","85,970","2,176","85,765","2,157","84,156","2,054","82,105","2,433","77,251","1,806","85,187","2,314","82,116","2,534","86,040","2,209","85,159","3,616","83,325","3,600","78,829","2,492","75,889","4,425","72,682","2,881","71,091","2,539","73,947","2,374","70,618","3,086","71,886","2,757","78,342","3,218","76,195","2,511","80,710","2,641","80,006","3,176","72,426","2,452","72,566","2,326","73,992","2,867"
Massachusetts,"86,566","4,099","91,912","6,623","92,949","2,997","93,163","3,005","84,269","2,646","80,935","3,678","81,591","3,287","77,605","3,191","72,344","3,049","72,844","6,178","73,350","4,026","75,256","4,461","76,435","3,895","75,882","2,731","75,158","2,214","76,091","2,112","76,582","2,922","74,533","2,801","77,904","2,439","74,795","2,397","75,244","1,407","75,292","1,741","80,157","2,329","73,762","2,141","71,782","3,300","70,546","3,267","70,957","2,335","68,128","3,333","68,313","2,612","73,452","1,922","68,624","1,757","69,016","1,401","69,478","1,537","73,080","1,669","76,343","1,489","73,337","1,853","73,762","1,638","71,799","1,739","67,922","1,950","67,145","1,726"
Michigan,"64,488","3,819","67,399","3,340","67,951","1,781","65,222","2,057","62,342","2,527","63,774","2,583","64,458","2,154","61,986","2,293","59,575","1,374","65,898","1,849","56,851","2,597","59,129","1,791","59,010","2,226","57,628","2,163","58,222","1,270","62,806","1,456","64,670","1,045","65,531","1,301","63,880","1,273","60,757","1,234","66,483","1,403","64,509","1,684","69,103","1,332","71,804","1,728","75,182","1,674","69,673","1,528","65,417","1,871","67,664","1,972","64,509","1,760","63,992","1,242","60,474","1,263","61,249","1,445","62,480","1,340","60,358","1,337","65,107","1,671","65,077","1,340","63,378","1,656","62,962","1,534","58,374","2,018","57,197","1,582"
Minnesota,"80,441","5,050","82,431","3,551","86,292","3,167","77,488","3,945","77,341","5,138","79,491","3,306","79,278","4,567","78,599","3,503","77,032","3,674","74,935","4,651","70,954","2,147","73,055","1,583","69,804","2,873","65,156","2,000","71,002","1,566","69,286","1,800","76,051","2,473","75,720","1,641","75,398","1,730","80,668","1,538","78,003","1,813","82,491","1,806","80,814","1,740","85,592","2,687","76,730","2,491","79,843","3,524","71,871","2,550","70,711","2,113","67,178","3,273","61,018","2,467","62,362","2,244","58,808","2,462","57,348","2,229","63,439","2,073","63,859","2,704","64,226","2,299","64,247","2,546","62,579","2,722","57,444","2,461","60,861","2,276"
Mississippi,"46,637","1,805","47,242","2,745","47,463","3,176","46,159","2,486","47,837","1,984","48,014","2,436","46,402","1,384","45,786","1,225","40,692","1,482","37,673","3,180","47,589","2,498","43,318","1,828","49,606","2,856","47,521","3,524","44,404","1,651","45,975","1,047","48,832","1,246","46,788","2,132","45,720","1,797","49,972","1,628","48,329","1,644","46,639","1,157","46,268","1,819","54,113","2,136","52,979","2,297","48,513","1,929","48,121","2,340","46,019","2,270","46,998","1,821","46,066","1,364","41,087","2,276","39,046","2,039","37,887","2,048","40,682","1,617","42,136","2,003","40,112","1,961","42,355","2,061","39,079","1,512","39,522","1,491","38,431","1,823"
Missouri,"63,594","2,710","65,081","2,842","64,218","3,108","66,600","2,635","62,481","2,579","62,873","2,886","62,115","1,941","67,696","2,981","64,873","3,471","53,941","4,816","58,610","4,308","58,832","2,414","55,261","2,604","57,057","2,686","61,735","2,019","58,075","1,446","60,263","1,446","60,051","1,889","59,782","1,375","60,586","1,543","64,623","1,292","64,601","1,622","63,415","1,847","71,149","1,873","67,505","1,943","66,974","3,112","61,721","3,478","59,108","2,610","61,674","2,432","54,754","2,615","53,105","2,714","51,936","2,754","54,327","2,753","55,106","2,811","56,057","1,578","51,764","2,402","54,268","2,670","51,887","1,827","52,828","1,464","51,743","1,781"
Montana,"64,999","5,000","59,390","2,613","63,792","2,431","62,233","3,103","63,450","2,457","65,307","2,862","64,440","3,252","58,775","3,359","58,541","2,037","50,328","6,927","51,412","3,788","53,304","3,032","48,625","2,458","51,407","2,300","51,188","1,268","54,117","2,225","57,184","2,226","55,371",939,"51,892","1,615","48,823","1,019","50,367","1,576","52,608","1,830","49,282","1,131","51,712","1,579","50,630","1,576","52,606","1,888","49,325","1,933","49,481","2,701","49,157","1,957","50,113","2,260","49,009","1,787","50,350","1,382","48,298","1,731","47,128","1,982","50,123","2,774","49,088","1,830","46,841","1,828","48,107","1,773","48,728","1,926","48,657","1,793"
Nebraska,"78,109","3,963","75,622","2,567","77,437","3,454","72,911","4,244","65,855","3,084","65,895","3,148","67,035","3,024","69,158","3,359","65,148","2,582","67,129","4,913","62,645","2,114","61,707","3,191","67,143","3,251","65,384","2,193","62,780","2,098","63,991","1,582","64,414","1,806","64,854","2,007","66,648","2,012","62,957","1,915","64,936","1,929","64,631","1,568","66,900","1,712","65,869","1,606","63,008","2,228","60,663","2,581","58,579","2,580","58,675","2,588","58,316","2,045","57,663","2,024","57,412","1,542","57,037","2,033","57,484","1,959","55,408","2,274","55,680","3,218","55,553","2,120","53,234","1,741","51,524","1,926","52,491","2,201","53,292","1,905"
Nevada,"64,340","3,500","64,020","2,540","75,143","3,672","66,749","2,283","64,151","3,263","62,503","3,359","62,583","2,413","59,476","2,598","57,135","2,103","60,399","3,702","52,853","3,297","55,958","2,995","56,793","3,222","63,760","2,394","65,108","1,389","69,057","3,353","70,811","1,695","70,427","1,687","67,046","2,336","67,872","1,987","66,722","2,295","67,896","1,753","69,649","1,733","72,192","1,595","67,633","2,877","66,232","2,041","65,606","2,661","66,483","2,786","63,904","2,327","65,057","2,782","66,310","1,996","60,568","1,511","64,075","3,043","64,564","2,377","62,071","2,006","61,789","2,111","61,493","2,581","62,044","2,118","56,043","2,420","64,199","2,535"
New Hampshire,"88,841","4,818","93,045","3,644","92,093","2,884","87,769","3,662","83,591","4,356","82,675","3,361","86,100","3,289","86,541","4,024","84,081","3,727","80,498","4,621","83,088","3,799","80,177","2,629","79,534","1,994","82,979","2,056","81,181","2,349","83,478","4,042","88,519","2,418","83,477","1,992","79,249","2,818","81,691","1,904","82,055","1,926","83,547","1,947","78,743","1,103","80,346","1,961","75,127","3,184","74,899","3,109","69,226","2,708","67,978","2,991","69,371","2,756","63,922","3,332","70,291","2,999","74,857","3,648","70,096","2,605","82,270","2,647","79,402","2,900","76,455","2,493","73,984","3,317","72,293","1,962","63,578","2,586","64,542","1,831"
New Jersey,"88,559","4,751","89,543","4,246","92,969","4,312","80,033","3,070","78,739","4,564","80,681","3,315","77,303","3,237","78,173","3,582","74,740","3,085","74,271","5,200","71,974","3,562","78,845","2,317","75,258","3,656","78,415","3,042","81,999","2,429","82,381","2,898","79,260","1,910","91,680","2,666","88,128","3,139","79,476","1,845","82,761","1,511","82,410","2,424","79,418","1,431","79,524","1,563","81,128","2,292","83,009","2,392","81,085","2,404","81,884","2,099","77,788","2,479","76,681","1,930","74,986","1,826","74,029","1,596","77,911","2,010","78,094","1,742","82,762","2,006","80,125","1,453","78,338","1,817","75,055","1,993","74,599","1,548","69,180","1,993"
New Mexico,"53,463","3,142","53,283","1,800","56,287","2,327","52,096","2,376","50,401","2,018","52,892","2,176","54,703","3,343","51,598","3,299","53,482","3,794","46,792","5,135","49,076","3,110","51,337","2,680","50,683","2,600","56,206","3,756","55,118","1,891","53,110","1,742","58,103","1,931","53,920","1,693","54,165","2,364","56,884","2,278","51,839","1,686","53,548","1,602","50,813","1,899","55,366","1,969","53,136","2,848","52,550","2,329","50,801","1,954","43,274","1,882","46,029","1,948","48,796","2,506","49,543","1,579","49,087","2,557","51,631","2,325","50,483","2,113","47,817","2,177","42,607","1,839","47,491","1,421","46,964","1,640","49,178","2,468","51,382","2,563"
New York,"72,920","2,771","71,865","2,509","76,149","1,801","72,586","1,858","68,021","1,903","69,020","2,313","69,364","1,586","66,334","2,522","62,216","2,040","58,209","2,641","62,725","1,913","56,368","1,874","61,131","1,215","61,993","1,644","63,567",758,"63,655",860,"64,112","1,203","64,958","1,332","65,609","1,150","64,198","1,139","63,184","1,288","63,378",876,"64,604",920,"64,282",917,"65,231","1,434","62,297","1,294","60,446","1,071","61,083","1,287","58,492","1,268","57,853",865,"58,687","1,029","58,941","1,004","61,852","1,047","63,693","1,030","66,633",958,"63,847","1,475","60,362","1,043","59,223","1,122","56,922","1,259","54,861","1,039"
North Carolina,"62,891","2,101","63,252","1,725","64,814","1,747","57,583","1,900","54,762","2,450","55,642","1,945","60,701","1,839","58,091","1,536","53,594","1,959","53,981","3,465","48,006","2,397","49,125","1,530","54,575","1,883","54,582","2,395","53,047",729,"54,155","1,067","56,998","1,404","53,609","1,098","58,488","1,341","57,856","1,168","55,049","1,390","55,146","1,081","58,541","1,459","60,453","1,272","60,770","1,566","59,705","1,703","60,517","1,548","61,413","1,739","56,634","1,573","54,616","1,215","53,360","1,209","52,715","1,169","52,240",992,"53,084","1,121","55,864","1,094","53,910","1,184","52,071","1,240","51,735","1,652","51,653","1,409","51,230","1,596"
North Dakota,"68,882","2,731","67,109","2,450","74,216","3,360","71,756","3,339","66,500","2,323","66,190","1,852","67,950","2,585","65,659","3,697","69,570","3,595","68,910","4,020","61,613","3,335","65,928","2,510","68,042","3,573","63,519","2,878","63,388","2,200","62,608","1,499","61,835","1,677","55,293","1,893","58,678","1,698","56,392","1,799","59,673","1,258","54,670","1,244","54,907","1,233","56,791","1,680","53,281","2,256","50,486","1,964","53,461","2,298","54,287","2,042","51,516","2,155","51,286","2,022","52,061","1,546","51,173","1,710","50,370","1,813","50,937","2,022","53,374","1,910","53,197","2,228","51,650","2,070","50,900","1,858","51,061","1,948","51,733","2,585"
Ohio,"62,689","2,930","63,198","1,614","68,527","3,191","66,500","2,432","67,076","2,091","66,059","2,089","60,951","2,138","60,955","2,238","56,870","1,596","59,120","2,852","54,052","1,615","52,461","2,037","53,902","1,449","57,143","1,859","58,077",792,"59,205","1,070","64,315","1,421","61,830",853,"61,474","1,455","61,906","1,405","64,265","1,373","64,462","1,173","64,099","1,014","67,781","1,155","64,416","1,613","64,848","2,626","61,013","1,510","58,772","1,834","61,880","1,750","57,773","1,059","57,924","1,218","59,611","1,114","57,953","1,477","60,511","1,452","61,396","1,386","61,252","1,404","58,965","1,270","59,436","1,392","60,618","1,358","57,591","1,225"
Oklahoma,"60,096","3,913","54,921","2,001","62,946","2,498","58,732","2,993","57,343","3,436","60,796","3,429","57,516","1,865","53,837","2,215","54,069","3,179","53,777","4,010","50,999","4,759","57,228","3,335","58,498","2,891","53,677","2,582","58,075","1,442","58,167","1,174","56,609","1,903","52,317","2,151","52,354","2,015","56,959","1,613","53,016","1,153","55,060",926,"54,625","1,058","51,168","1,119","53,314","2,432","56,188","2,052","52,937","1,731","47,330","1,879","46,596","1,558","48,952","2,200","48,621","2,762","47,994","2,041","49,534","2,099","49,162","2,105","50,070","2,615","52,259","1,669","49,626","2,022","49,574","2,061","51,061","1,840","52,672","1,788"
Oregon,"81,855","3,071","80,443","3,750","78,860","6,015","74,626","3,944","69,077","2,810","71,411","3,157","66,765","2,960","69,569","2,715","67,445","3,434","57,082","3,363","65,596","2,356","61,210","2,755","62,205","1,940","63,016","1,874","62,151","2,081","65,252","1,733","65,805","1,778","63,435","1,880","61,413","1,935","58,943","1,511","61,486","1,425","63,130","1,291","63,314","1,154","67,051","1,477","66,259","2,042","65,084","3,210","62,893","3,019","61,225","2,198","64,417","1,718","57,050","2,046","61,355","2,148","60,604","3,870","58,731","2,115","59,035","1,948","60,356","3,036","61,270","2,539","57,283","2,498","58,626","2,371","52,720","2,509","53,297","1,856"
Pennsylvania,"72,627","2,054","74,094","3,573","74,800","3,419","69,619","1,764","67,736","2,040","69,823","3,043","68,847","2,299","69,061","2,547","63,204","2,596","64,255","3,420","62,852","1,871","61,362","1,661","60,254","2,045","60,166","1,878","60,979","1,186","64,842",743,"63,448","1,221","65,302","1,171","64,391","1,036","63,417","1,494","63,398","1,149","64,181","1,201","66,729","1,109","66,541","1,111","61,592","1,861","64,998","1,799","63,349","1,628","60,202","1,680","61,141","1,210","58,156","1,186","57,387","1,285","56,722","1,266","59,076","1,194","58,479","1,387","60,696","1,447","59,048","1,097","58,166","1,238","56,340","1,171","55,087","1,295","50,674","1,243"
Rhode Island,"74,982","4,221","83,918","3,540","74,344","5,277","67,183","3,612","72,285","4,470","73,378","4,652","69,467","3,193","63,699","3,713","67,168","4,583","65,614","4,487","67,349","2,487","66,281","3,028","59,196","2,756","64,287","2,154","65,362","1,830","67,161","3,026","71,010","2,422","72,386","2,456","68,819","2,025","68,923","2,835","66,024","1,844","64,059","1,321","70,140","1,760","66,574","1,606","69,685","3,230","67,782","4,426","58,756","3,774","63,802","1,787","62,620","2,432","57,906","2,396","62,042","2,864","57,766","2,720","59,988","2,122","64,453","2,369","63,730","2,865","65,894","3,498","64,728","3,294","62,808","2,509","59,296","2,167","53,828","2,112"
South Carolina,"62,542","2,161","63,159","2,073","65,735","1,890","61,980","2,246","60,278","2,358","60,757","2,297","61,347","3,560","53,017","2,591","51,469","2,571","50,749","2,782","50,966","3,460","52,492","2,550","48,392","2,055","51,927","1,818","52,028","1,409","53,177","1,414","57,915","2,034","53,367","1,814","55,949","1,674","55,631","1,468","56,821","1,655","57,104","1,849","57,888","1,569","59,274","1,478","59,478","2,819","55,422","2,182","57,852","2,717","59,798","2,424","51,484","2,479","54,130","2,066","48,237","1,777","52,348","2,722","53,426","2,212","57,935","2,788","50,347","2,240","56,379","2,539","57,308","2,599","51,988","2,045","48,246","2,076","50,582","2,326"
South Dakota,"73,893","2,655","73,467","4,536","68,095","4,001","64,158","2,851","62,905","4,406","62,883","4,015","64,863","3,472","62,972","2,978","60,776","4,058","62,224","3,398","63,436","3,530","58,420","2,016","57,011","2,592","56,478","2,547","58,009","1,632","65,091","1,255","60,804","1,179","61,193","2,211","60,011","1,904","59,105","1,431","58,362","1,483","57,197","1,439","60,856","1,313","57,547","1,084","58,444","1,540","54,621","1,688","50,139","1,933","50,933","1,730","52,382","2,851","53,925","2,149","51,355","1,926","49,845","1,270","47,933","1,517","49,539","1,730","51,003","2,113","49,227","1,552","48,390","1,366","47,090","1,571","43,685","1,690","48,341","2,311"
Tennessee,"62,166","2,640","57,542","1,888","60,011","2,931","60,487","1,556","61,128","2,355","61,055","2,390","57,969","1,566","54,126","1,953","50,079","2,665","50,514","4,002","49,510","3,418","50,830","2,846","51,042","3,086","48,058","1,565","51,289","1,251","50,083","1,528","53,962","1,462","54,816","1,017","54,803","1,656","54,741","1,520","55,410","1,744","55,923","1,678","54,892","1,213","53,793","1,467","59,576","2,137","56,795","2,177","51,730","2,293","53,114","1,875","51,385","2,246","51,941","1,864","46,477","1,539","46,160","1,733","47,571","1,780","45,549","1,752","47,836","2,761","46,052","2,246","48,454","1,819","43,204","2,092","42,809","1,341","41,798","1,435"
Texas,"67,404","1,525","71,599","2,028","71,474","1,874","64,506","1,480","66,417","1,466","65,537","1,881","65,649","1,589","64,582","1,474","61,717","1,540","59,886","1,584","61,775","1,879","61,388","1,123","59,213","1,392","58,861","1,443","60,097",941,"58,645",850,"60,325",917,"58,337","1,115","57,607",584,"59,522",789,"57,991","1,125","60,634",850,"62,680",785,"60,913","1,238","63,109","1,664","59,613","1,103","59,225","1,486","57,050","1,316","56,740","1,123","55,778","1,188","53,188","1,135","53,060","1,203","53,952","1,218","56,912","1,444","54,764","1,183","55,120","1,285","56,558","1,457","57,181","1,216","57,172","1,315","57,344","1,328"
Utah,"87,649","4,238","87,915","3,014","89,574","3,703","83,152","2,511","77,135","2,392","78,826","2,487","76,188","2,526","75,772","2,816","72,609","3,701","71,118","1,809","73,354","4,819","68,972","3,480","66,995","2,003","70,611","2,443","74,042","2,010","78,888","1,925","70,118","1,595","73,587","2,251","76,230","1,812","73,144","1,333","72,764","1,332","72,281","1,731","72,624","2,456","75,020","1,642","75,118","2,634","73,801","2,291","72,227","3,014","63,892","2,294","64,605","1,628","64,776","1,888","66,258","2,300","65,015","2,173","54,502","2,644","60,771","2,052","64,985","2,145","58,101","2,007","60,694","2,732","62,195","1,917","60,772","1,690","57,427","1,831"
Vermont,"76,079","3,471","70,398","4,286","78,746","3,268","75,599","2,536","70,385","3,656","70,521","3,463","68,687","1,540","68,037","2,999","69,545","3,549","76,320","4,675","63,889","3,473","65,710","3,582","62,611","2,423","69,648","2,798","66,227","1,820","63,964","1,239","62,077","1,831","70,022","1,705","70,515","1,820","68,051","1,826","63,883","1,443","64,938","1,253","62,579","1,448","62,467","1,453","67,833","2,295","65,593","2,651","59,188","2,916","55,819","2,156","59,901","2,200","64,932","3,457","57,517","1,770","62,175","2,530","56,718","2,377","62,699","2,684","66,207","2,403","64,008","2,378","58,146","3,143","58,215","2,374","62,607","2,268","56,234","2,448"
Virginia,"80,268","2,953","86,053","3,261","86,172","3,239","83,243","3,330","78,265","4,206","78,798","3,621","75,025","2,750","70,315","2,789","75,785","3,375","76,779","3,192","78,775","2,961","76,409","2,561","75,594","2,140","75,176","2,447","76,586","1,510","78,192","1,825","77,496","1,788","76,943","2,145","72,198","1,648","73,532","1,605","80,897","2,308","74,954","1,948","77,071","1,761","74,409","1,680","74,536","2,887","72,226","3,657","72,534","3,203","67,640","2,517","64,148","2,463","68,278","2,777","67,456","2,568","72,507","2,580","70,301","2,599","70,713","2,113","72,180","2,549","72,089","2,912","68,626","2,318","70,322","2,542","68,456","3,188","66,064","2,177"
Washington,"87,648","3,307","85,157","3,242","87,381","3,094","86,021","3,264","79,071","2,348","83,357","3,655","79,382","2,362","76,899","3,720","67,666","2,515","74,467","3,945","70,021","2,561","73,519","2,659","68,633","2,394","69,941","2,565","76,448","1,518","71,438","2,549","76,080","2,274","73,715","1,676","70,435","1,453","71,780","1,536","70,154","2,060","68,236","1,456","65,181","1,939","67,092","1,911","74,177","3,393","79,002","2,297","75,244","2,896","63,267","2,774","62,990","2,217","60,817","2,158","66,016","2,057","64,349","2,367","66,085","2,305","64,743","2,498","67,616","3,114","71,381","2,274","62,502","2,535","63,615","2,248","57,791","1,820","62,308","2,050"
West Virginia,"46,836","2,247","54,396","2,280","56,916","3,174","54,566","1,443","51,900","1,411","50,170","1,641","50,077","2,251","48,973","3,582","45,309","2,515","50,174","4,024","46,879","3,134","51,489","3,279","50,489","2,132","53,271","3,136","51,255","1,156","47,928","1,771","55,136","1,296","51,753","1,635","50,685","1,496","47,985","1,687","48,381","1,466","44,339","1,056","45,519","1,034","46,402","1,018","47,790","1,874","44,488","1,299","46,414","2,220","43,552","2,244","44,062","1,541","42,737","2,207","41,513","1,816","38,478","1,693","45,030","1,786","44,632","2,302","45,860","1,783","42,733","2,054","39,367","1,780","38,963","2,142","38,487","1,994","41,950","1,514"
Wisconsin,"69,943","3,133","70,553","5,051","71,380","2,462","67,574","2,200","70,164","3,214","70,130","4,060","67,535","2,083","63,384","1,701","66,534","2,468","60,259","3,063","64,374","2,724","62,751","2,020","62,848","2,495","62,703","1,787","64,859","1,020","64,587","1,075","67,168","1,362","69,632","1,544","62,096","1,638","65,755","1,922","68,325","1,444","69,324","1,429","69,562","1,723","71,135","1,502","74,494","3,063","68,850","2,117","66,857","1,942","69,003","3,071","72,530","2,334","64,181","2,307","58,815","2,481","63,225","2,082","60,566","1,980","61,919","1,809","61,612","2,623","65,304","2,160","60,328","3,226","62,548","1,900","55,976","2,796","51,663","2,045"
Wyoming,"71,052","3,919","68,506","2,309","69,027","3,998","67,477","4,199","65,803","3,519","63,925","3,464","65,291","3,525","69,673","2,315","63,796","2,313","78,566","4,646","64,888","3,691","67,992","3,334","65,807","2,749","65,007","2,716","66,420","2,698","67,283","1,989","63,850","1,785","63,367","2,025","62,191","2,097","65,274","1,648","62,840","1,477","60,051","1,474","60,930","1,789","62,523","1,666","60,760","2,096","58,725","2,192","56,436","2,433","53,395","1,480","55,837","2,012","60,104","3,352","54,512","2,161","57,342","2,695","56,514","2,689","59,396","1,998","62,454","2,727","58,335","2,418","63,122","3,336","55,754","2,042","53,170","2,526","59,317","1,821"
